{
	"hidden": true,
	"type": "origins:multiple",
	"sneaking": {
		"type": "origins:action_over_time",
		"entity_action": {
			"type": "origins:change_resource",
			"resource": "phantom:hunt/haunting",
			"change": 1
		},
		"interval": 1,
		"condition": {
			"type": "origins:and",
			"conditions": [{
				"type": "origins:sneaking"
			},
		{
    "type": "origins:power_active",
    "power": "origins:phantomize",
    "inverted": true
},
{
    "type": "origins:power_active",
    "power": "phantom:hunt/toggle"
}]
		}
	},
	"standing": {
		"type": "origins:action_over_time",
		"entity_action": {
			"type": "origins:change_resource",
			"resource": "phantom:hunt/haunting",
			"change": -120
		},
		"interval": 1,
		"condition": {
			"type": "origins:and",
			"conditions": [{
				"type": "origins:sneaking",
				"inverted": true
			}]
		}
	},
	"particles": {
		"type": "origins:action_over_time",
		"entity_action": {
			"type": "origins:execute_command",
			"command": "particle minecraft:soul ~ ~ ~ .6 .8 .6 0.01 2",
			"permission_level": 4
		},
		"interval": 1,
		"condition": {
			"type": "origins:and",
			"conditions": [{
    "type": "origins:power_active",
    "power": "phantom:hunt/toggle"
}]
		}
	},
	"ding": {
		"type": "origins:action_over_time",
		"entity_action": {
			"type": "origins:execute_command",
			"command": "playsound minecraft:entity.experience_orb.pickup master @s ~ ~ ~ 1 0.9",
			"permission_level": 4
		},
		"interval": 20,
		"condition": {
			"type": "origins:and",
			"conditions": [{
				"type": "origins:sneaking"
			},
		{
    "type": "origins:power_active",
    "power": "origins:phantomize",
    "inverted": true
},
{
    "type": "origins:power_active",
    "power": "phantom:hunt/toggle"
},
{
    "type": "origins:resource",
    "resource": "phantom:hunt/haunting",
    "comparison": "<",
    "compare_to": 100
}]
		}
	},
		"roar": {
		"type": "origins:action_over_time",
		"entity_action": {
			"type": "origins:execute_command",
			"command": "playsound minecraft:entity.phantom.bite master @s ~ ~ ~ 1 1",
			"permission_level": 4
		},
		"interval": 1,
		"condition": {
			"type": "origins:and",
			"conditions": [
{
    "type": "origins:resource",
    "resource": "phantom:hunt/haunting",
    "comparison": "==",
    "compare_to": 119
}]
		}
	},
	"effect": {
    "type": "origins:entity_glow",
    "use_teams": false,
    "red": 0.0,
    "green": 1.0,
    "blue": 0.0,
    "condition": {
    "type": "origins:resource",
    "resource": "phantom:hunt/haunting",
    "comparison": "==",
    "compare_to": 120
}
},
"blind": {
    "type": "origins:stacking_status_effect",
    "min_stacks": 0,
    "max_stacks": 10,
    "duration_per_stack": 10,
    "effect": 
        {
            "effect": "minecraft:blindness",
            "is_ambient": true,
            "show_particles": false,
            "show_icon": false,
            "amplifier": 255
        },
   "condition": {
    "type": "origins:resource",
    "resource": "phantom:hunt/haunting",
    "comparison": "==",
    "compare_to": 120
}
},
"mem_up": {
	"type": "origins:active_self",
	"entity_action": {
		"type": "origins:and",
		"actions": [
			{
		"type": "origins:add_velocity",
		"y": 0.17,
		"space": "world",
		"set": false
	},
	{
			"type": "origins:execute_command",
			"command": "playsound minecraft:entity.phantom.flap master @s ~ ~ ~ 1 2",
			"permission_level": 4
		}
]
	},
	"cooldown": 10,
	"hud_render": {
		"should_render": true,
		"bar_index": 4
	},
	"key": {
		"key": "key.jump"
	},
	"condition": {
		"type": "origins:status_effect",
		"effect": "minecraft:levitation",
		"min_amplifier": -1,
		"max_amplifier": -1
	}
},
"mem_down": {
	"type": "origins:active_self",
	"entity_action": {
		"type": "origins:and",
		"actions": [
			{
		"type": "origins:add_velocity",
		"y": -0.17,
		"space": "world",
		"set": false
	},
	{
			"type": "origins:execute_command",
			"command": "playsound minecraft:entity.phantom.flap master @s ~ ~ ~ 1 2",
			"permission_level": 4
		}
]
	},
	"cooldown": 10,
	"hud_render": {
		"should_render": true,
		"bar_index": 5
	},
	"key": {
		"key": "key.sneak"
	},
	"condition": {
		"type": "origins:status_effect",
		"effect": "minecraft:levitation",
		"min_amplifier": -1,
		"max_amplifier": -1
	}
}
}