{
    "type": "origins:action_over_time",
    "name": "Disturbing Aura",
    "description": "Anyone who comes near you will get thier vision desaturated. Only phantoms are immune to this",
    "interval": 20,
    "entity_action": {
        "type": "origins:and",
        "actions": [{
                "type": "origins:execute_command",
                "permission_level": 4,
                "command": "power grant @e[distance=1..5] phantom:color"
            },
            {
                "type": "origins:execute_command",
                "permission_level": 4,
                "command": "power revoke @e[distance=5..] phantom:color"
            }
        ]
    }
}