{
    "type": "origins:action_over_time",
    "name": "Soul Friends",
    "description": "The Undead and others don't consider you a threat or are too scared, so you don't have to worry about them.",
    "interval": 20,
    "entity_action": {
        "type": "origins:and",
        "actions": [{
                "type": "origins:execute_command",
                "permission_level": 4,
                "command": "team add phan_fri_tom"
            },
            {
                "type": "origins:execute_command",
                "permission_level": 4,
                "command": "team join phan_fri_tom @s"
            },
            {
                "type": "origins:execute_command",
                "permission_level": 4,
                "command": "team join phan_fri_tom @e[type=minecraft:phantom]"
            },
            {
                "type": "origins:execute_command",
                "permission_level": 4,
                "command": "team join phan_fri_tom @e[type=minecraft:zombie]"
            },
            {
                "type": "origins:execute_command",
                "permission_level": 4,
                "command": "team join phan_fri_tom @e[type=minecraft:skeleton]"
			},
            {
                "type": "origins:execute_command",
                "permission_level": 4,
                "command": "team join phan_fri_tom @e[type=minecraft:creeper]"
            },
            {
                "type": "origins:execute_command",
                "permission_level": 4,
                "command": "team join phan_fri_tom @e[type=minecraft:drowned]"
            },
            {
                "type": "origins:execute_command",
                "permission_level": 4,
                "command": "team join phan_fri_tom @e[type=minecraft:baby_zombie]"
            },
            {
                "type": "origins:execute_command",
                "permission_level": 4,
                "command": "team join phan_fri_tom @e[type=minecraft:spider]"
            },
            {
                "type": "origins:execute_command",
                "permission_level": 4,
                "command": "team join phan_fri_tom @e[type=minecraft:endermen]"
            },
            {
                "type": "origins:execute_command",
                "permission_level": 4,
                "command": "team join phan_fri_tom @e[type=minecraft:silverfish]"
            },
            {
                "type": "origins:execute_command",
                "permission_level": 4,
                "command": "team join phan_fri_tom @e[type=minecraft:zombie_villager]"
            },
            {
                "type": "origins:execute_command",
                "permission_level": 4,
                "command": "team join phan_fri_tom @e[type=minecraft:stray]"
            },
            {
                "type": "origins:execute_command",
                "permission_level": 4,
                "command": "team join phan_fri_tom @e[type=minecraft:wither_skeleton]"
            },
            {
                "type": "origins:execute_command",
                "permission_level": 4,
                "command": "team join phan_fri_tom @e[type=minecraft:zoglin]"
            },
            {
                "type": "origins:execute_command",
                "permission_level": 4,
                "command": "team join phan_fri_tom @e[type=minecraft:zombified_piglin]"
            }
			
        ]
    }
}