{
     "name": "Membrane",
    "description": "Consuming a phantom membrane, just like normal food, heals you a little and allows you to float mid air for a short period of time. You can also go up and down using jump or sneak.",
    "type": "origins:active_self",
    "entity_action": {
            "type": "origins:and",
            "actions": [{
                    "type": "origins:execute_command",
                    "command": "clear @s minecraft:"
                },
                {
                    "type": "origins:execute_command",
                    "command": "playsound minecraft:item.honey_bottle.drink master @s ~ ~ ~ 1 2"
                },
                {
                    "type": "origins:apply_effect",
                    "effect": {
                        "effect": "minecraft:levitation",
                        "duration": 500,
                        "amplifier": -1,
                        "show_particles": false,
                        "show_icon": false
                    }
                },
                {
                    "type": "origins:heal",
                    "amount": 2
                }
            ]
        },
        "cooldown": 200,
        "hud_render": {
            "should_render": true,
            "bar_index": 3
        },
    "key": {
        "key": "key.use"
    },
        "condition": {
            "type": "origins:or",
            "conditions": [{
                    "type": "origins:equipped_item",
                    "equipment_slot": "offhand",
                    "item_condition": {
                        "type": "origins:ingredient",
                        "ingredient": {
                            "item": "minecraft:rotten_flesh"
                        }
                    }
                },
                {
                    "type": "origins:equipped_item",
                    "equipment_slot": "mainhand",
                    "item_condition": {
                        "type": "origins:ingredient",
                        "ingredient": {
                            "item": "minecraft:rotten_flesh"
                        }
                    }
                }
            ]
        }
    }
}